{"tasks": ["T0", "T1", "T2", "T3", "T4", "T5", "T6", "T7"], "conflicts": [[0, 1], [0, 4], [1, 3], [1, 4], [2, 3], [2, 6], [3, 5], [3, 6], [4, 7], [5, 7], [6, 7]], "resources": [[4.940988342855149, 21.328301896655876, 1.2330844502575726, 1.2308665415409843], [2.9690293360391973, 19.843742095247077, 1.2897816145904857, 1.0214897052659089], [8.538201780963156, 23.81462722874977, 1.6422943629324456, 1.1859062658947177], [9.932890709584585, 36.25780768060689, 1.1208899598058064, 1.3326951853601292], [7.493359668249416, 30.158862557506467, 1.9364405867994596, 1.4221069999614153], [8.470321239468944, 28.48252822297691, 1.3033685109329176, 1.5875806061435593], [8.942311007486719, 35.694094155560826, 1.5052838205796004, 1.5890022579825516], [1.3107324713620743, 10.952338915265774, 1.7974042475543028, 1.4143139993007743]], "capacities": [[32, 128, 8, 6.0], [32, 128, 8, 6.0], [32, 128, 8, 6.0]], "windows": [[0, 2], [1, 2], [1, 2], [0, 2], [1, 2], [0, 2], [0, 2], [1, 2]], "weights": [2.517348673344754, 3.042436114241851, 1.1107142637275769, 2.7956473071616657, 9.280777914394497, 5.935046204101928, 4.640093815505094, 4.094433021338332], "K": 3}
